auditor_id,firm_id,con,race,race_str,dohire
0,0,0,0,White,0
1,0,1,0,White,1
2,0,0,1,Black,0
3,0,1,1,Black,0
4,1,0,0,White,1
5,1,1,0,White,0
6,1,0,1,Black,0
7,1,1,1,Black,0
8,2,0,0,White,0
9,2,1,0,White,1
10,2,0,1,Black,0
11,2,1,1,Black,0
12,3,0,0,White,1
13,3,1,0,White,0
14,3,0,1,Black,1
15,3,1,1,Black,0
16,4,0,0,White,1
17,4,1,0,White,0
18,4,0,1,Black,0
19,4,1,1,Black,0
20,5,0,0,White,0
21,5,1,0,White,0
22,5,0,1,Black,1
23,5,1,1,Black,0
24,6,0,0,White,0
25,6,1,0,White,0
26,6,0,1,Black,1
27,6,1,1,Black,0
28,7,0,0,White,1
29,7,1,0,White,1
30,7,0,1,Black,0
31,7,1,1,Black,0
32,8,0,0,White,1
33,8,1,0,White,0
34,8,0,1,Black,0
35,8,1,1,Black,0
36,9,0,0,White,0
37,9,1,0,White,0
38,9,0,1,Black,0
39,9,1,1,Black,0
40,10,0,0,White,0
41,10,1,0,White,0
42,10,0,1,Black,0
43,10,1,1,Black,0
44,11,0,0,White,1
45,11,1,0,White,0
46,11,0,1,Black,0
47,11,1,1,Black,0
48,12,0,0,White,1
49,12,1,0,White,0
50,12,0,1,Black,0
51,12,1,1,Black,0
52,13,0,0,White,0
53,13,1,0,White,0
54,13,0,1,Black,0
55,13,1,1,Black,0
56,14,0,0,White,0
57,14,1,0,White,0
58,14,0,1,Black,0
59,14,1,1,Black,0
60,15,0,0,White,0
61,15,1,0,White,0
62,15,0,1,Black,0
63,15,1,1,Black,0
64,16,0,0,White,0
65,16,1,0,White,0
66,16,0,1,Black,0
67,16,1,1,Black,0
68,17,0,0,White,0
69,17,1,0,White,0
70,17,0,1,Black,1
71,17,1,1,Black,1
72,18,0,0,White,0
73,18,1,0,White,1
74,18,0,1,Black,0
75,18,1,1,Black,0
76,19,0,0,White,0
77,19,1,0,White,0
78,19,0,1,Black,0
79,19,1,1,Black,0
80,20,0,0,White,0
81,20,1,0,White,1
82,20,0,1,Black,0
83,20,1,1,Black,0
84,21,0,0,White,0
85,21,1,0,White,0
86,21,0,1,Black,0
87,21,1,1,Black,0
88,22,0,0,White,1
89,22,1,0,White,0
90,22,0,1,Black,0
91,22,1,1,Black,0
92,23,0,0,White,1
93,23,1,0,White,0
94,23,0,1,Black,1
95,23,1,1,Black,0
96,24,0,0,White,0
97,24,1,0,White,1
98,24,0,1,Black,0
99,24,1,1,Black,0
100,25,0,0,White,0
101,25,1,0,White,0
102,25,0,1,Black,0
103,25,1,1,Black,0
104,26,0,0,White,0
105,26,1,0,White,0
106,26,0,1,Black,0
107,26,1,1,Black,0
108,27,0,0,White,0
109,27,1,0,White,1
110,27,0,1,Black,0
111,27,1,1,Black,0
112,28,0,0,White,0
113,28,1,0,White,0
114,28,0,1,Black,0
115,28,1,1,Black,0
116,29,0,0,White,0
117,29,1,0,White,0
118,29,0,1,Black,0
119,29,1,1,Black,0
120,30,0,0,White,0
121,30,1,0,White,0
122,30,0,1,Black,0
123,30,1,1,Black,0
124,31,0,0,White,0
125,31,1,0,White,0
126,31,0,1,Black,0
127,31,1,1,Black,0
128,32,0,0,White,1
129,32,1,0,White,0
130,32,0,1,Black,0
131,32,1,1,Black,0
132,33,0,0,White,0
133,33,1,0,White,0
134,33,0,1,Black,0
135,33,1,1,Black,0
136,34,0,0,White,0
137,34,1,0,White,0
138,34,0,1,Black,1
139,34,1,1,Black,0
140,35,0,0,White,1
141,35,1,0,White,0
142,35,0,1,Black,0
143,35,1,1,Black,0
144,36,0,0,White,1
145,36,1,0,White,0
146,36,0,1,Black,0
147,36,1,1,Black,0
148,37,0,0,White,0
149,37,1,0,White,0
150,37,0,1,Black,0
151,37,1,1,Black,0
152,38,0,0,White,1
153,38,1,0,White,0
154,38,0,1,Black,0
155,38,1,1,Black,0
156,39,0,0,White,0
157,39,1,0,White,0
158,39,0,1,Black,0
159,39,1,1,Black,0
160,40,0,0,White,0
161,40,1,0,White,0
162,40,0,1,Black,0
163,40,1,1,Black,0
164,41,0,0,White,1
165,41,1,0,White,0
166,41,0,1,Black,0
167,41,1,1,Black,1
168,42,0,0,White,0
169,42,1,0,White,0
170,42,0,1,Black,0
171,42,1,1,Black,0
172,0,0,0,White,1
173,0,0,0,White,0
174,0,0,0,White,0
175,0,0,0,White,0
176,0,0,0,White,1
177,0,0,0,White,0
178,0,0,0,White,1
179,0,0,0,White,0
180,0,0,0,White,0
181,0,1,0,White,1
182,0,1,0,White,1
183,0,1,0,White,1
184,0,1,0,White,1
185,0,1,0,White,1
186,0,1,0,White,0
187,0,1,0,White,1
188,0,1,0,White,1
189,0,1,0,White,1
190,0,0,1,Black,0
191,0,0,1,Black,0
192,0,0,1,Black,0
193,0,0,1,Black,0
194,0,0,1,Black,1
195,0,0,1,Black,0
196,0,0,1,Black,1
197,0,0,1,Black,0
198,0,0,1,Black,0
199,0,1,1,Black,0
200,0,1,1,Black,0
201,0,1,1,Black,0
202,0,1,1,Black,0
203,0,1,1,Black,0
204,0,1,1,Black,0
205,0,1,1,Black,0
206,0,1,1,Black,0
207,0,1,1,Black,0
208,1,0,0,White,1
209,1,0,0,White,1
210,1,0,0,White,1
211,1,0,0,White,1
212,1,0,0,White,1
213,1,0,0,White,1
214,1,0,0,White,1
215,1,0,0,White,1
216,1,0,0,White,1
217,1,1,0,White,1
218,1,1,0,White,0
219,1,1,0,White,0
220,1,1,0,White,0
221,1,1,0,White,0
222,1,1,0,White,0
223,1,1,0,White,0
224,1,1,0,White,1
225,1,1,0,White,1
226,1,0,1,Black,0
227,1,0,1,Black,0
228,1,0,1,Black,0
229,1,0,1,Black,0
230,1,0,1,Black,0
231,1,0,1,Black,0
232,1,0,1,Black,0
233,1,0,1,Black,0
234,1,0,1,Black,1
235,1,1,1,Black,0
236,1,1,1,Black,1
237,1,1,1,Black,0
238,1,1,1,Black,0
239,1,1,1,Black,0
240,1,1,1,Black,1
241,1,1,1,Black,0
242,1,1,1,Black,0
243,1,1,1,Black,0
244,2,0,0,White,1
245,2,0,0,White,1
246,2,0,0,White,0
247,2,0,0,White,0
248,2,0,0,White,0
249,2,0,0,White,0
250,2,0,0,White,0
251,2,0,0,White,0
252,2,0,0,White,0
253,2,1,0,White,1
254,2,1,0,White,1
255,2,1,0,White,0
256,2,1,0,White,1
257,2,1,0,White,1
258,2,1,0,White,0
259,2,1,0,White,0
260,2,1,0,White,1
261,2,1,0,White,0
262,2,0,1,Black,1
263,2,0,1,Black,1
264,2,0,1,Black,0
265,2,0,1,Black,0
266,2,0,1,Black,0
267,2,0,1,Black,0
268,2,0,1,Black,1
269,2,0,1,Black,0
270,2,0,1,Black,1
271,2,1,1,Black,0
272,2,1,1,Black,1
273,2,1,1,Black,0
274,2,1,1,Black,0
275,2,1,1,Black,1
276,2,1,1,Black,0
277,2,1,1,Black,1
278,2,1,1,Black,0
279,2,1,1,Black,1
280,3,0,0,White,1
281,3,0,0,White,1
282,3,0,0,White,1
283,3,0,0,White,0
284,3,0,0,White,1
285,3,0,0,White,0
286,3,0,0,White,1
287,3,0,0,White,1
288,3,0,0,White,1
289,3,1,0,White,0
290,3,1,0,White,1
291,3,1,0,White,0
292,3,1,0,White,1
293,3,1,0,White,0
294,3,1,0,White,0
295,3,1,0,White,0
296,3,1,0,White,1
297,3,1,0,White,0
298,3,0,1,Black,0
299,3,0,1,Black,1
300,3,0,1,Black,1
301,3,0,1,Black,1
302,3,0,1,Black,1
303,3,0,1,Black,0
304,3,0,1,Black,1
305,3,0,1,Black,1
306,3,0,1,Black,1
307,3,1,1,Black,0
308,3,1,1,Black,0
309,3,1,1,Black,0
310,3,1,1,Black,1
311,3,1,1,Black,1
312,3,1,1,Black,1
313,3,1,1,Black,0
314,3,1,1,Black,0
315,3,1,1,Black,1
316,4,0,0,White,1
317,4,0,0,White,0
318,4,0,0,White,0
319,4,0,0,White,0
320,4,0,0,White,1
321,4,0,0,White,1
322,4,0,0,White,0
323,4,0,0,White,1
324,4,0,0,White,1
325,4,1,0,White,0
326,4,1,0,White,0
327,4,1,0,White,1
328,4,1,0,White,1
329,4,1,0,White,0
330,4,1,0,White,0
331,4,1,0,White,0
332,4,1,0,White,0
333,4,1,0,White,0
334,4,0,1,Black,0
335,4,0,1,Black,0
336,4,0,1,Black,0
337,4,0,1,Black,1
338,4,0,1,Black,0
339,4,0,1,Black,0
340,4,0,1,Black,0
341,4,0,1,Black,1
342,4,0,1,Black,0
343,4,1,1,Black,0
344,4,1,1,Black,0
345,4,1,1,Black,0
346,4,1,1,Black,0
347,4,1,1,Black,0
348,4,1,1,Black,0
349,4,1,1,Black,0
350,4,1,1,Black,0
351,4,1,1,Black,0
352,5,0,0,White,1
353,5,0,0,White,0
354,5,0,0,White,0
355,5,0,0,White,1
356,5,0,0,White,1
357,5,0,0,White,1
358,5,0,0,White,0
359,5,0,0,White,0
360,5,0,0,White,0
361,5,1,0,White,0
362,5,1,0,White,0
363,5,1,0,White,0
364,5,1,0,White,0
365,5,1,0,White,0
366,5,1,0,White,1
367,5,1,0,White,0
368,5,1,0,White,0
369,5,1,0,White,1
370,5,0,1,Black,1
371,5,0,1,Black,1
372,5,0,1,Black,0
373,5,0,1,Black,0
374,5,0,1,Black,1
375,5,0,1,Black,0
376,5,0,1,Black,1
377,5,0,1,Black,0
378,5,0,1,Black,1
379,5,1,1,Black,0
380,5,1,1,Black,1
381,5,1,1,Black,0
382,5,1,1,Black,0
383,5,1,1,Black,1
384,5,1,1,Black,0
385,5,1,1,Black,1
386,5,1,1,Black,0
387,5,1,1,Black,1
388,6,0,0,White,0
389,6,0,0,White,1
390,6,0,0,White,0
391,6,0,0,White,1
392,6,0,0,White,0
393,6,0,0,White,0
394,6,0,0,White,0
395,6,0,0,White,1
396,6,0,0,White,0
397,6,1,0,White,0
398,6,1,0,White,0
399,6,1,0,White,1
400,6,1,0,White,0
401,6,1,0,White,1
402,6,1,0,White,0
403,6,1,0,White,0
404,6,1,0,White,0
405,6,1,0,White,0
406,6,0,1,Black,0
407,6,0,1,Black,1
408,6,0,1,Black,1
409,6,0,1,Black,1
410,6,0,1,Black,0
411,6,0,1,Black,0
412,6,0,1,Black,1
413,6,0,1,Black,1
414,6,0,1,Black,1
415,6,1,1,Black,0
416,6,1,1,Black,0
417,6,1,1,Black,0
418,6,1,1,Black,0
419,6,1,1,Black,0
420,6,1,1,Black,0
421,6,1,1,Black,0
422,6,1,1,Black,0
423,6,1,1,Black,1
424,7,0,0,White,0
425,7,0,0,White,1
426,7,0,0,White,1
427,7,0,0,White,0
428,7,0,0,White,1
429,7,0,0,White,1
430,7,0,0,White,1
431,7,0,0,White,1
432,7,0,0,White,1
433,7,1,0,White,1
434,7,1,0,White,1
435,7,1,0,White,1
436,7,1,0,White,1
437,7,1,0,White,1
438,7,1,0,White,1
439,7,1,0,White,1
440,7,1,0,White,1
441,7,1,0,White,1
442,7,0,1,Black,0
443,7,0,1,Black,0
444,7,0,1,Black,0
445,7,0,1,Black,0
446,7,0,1,Black,0
447,7,0,1,Black,0
448,7,0,1,Black,1
449,7,0,1,Black,0
450,7,0,1,Black,1
451,7,1,1,Black,0
452,7,1,1,Black,0
453,7,1,1,Black,0
454,7,1,1,Black,1
455,7,1,1,Black,0
456,7,1,1,Black,0
457,7,1,1,Black,0
458,7,1,1,Black,0
459,7,1,1,Black,1
460,8,0,0,White,1
461,8,0,0,White,0
462,8,0,0,White,1
463,8,0,0,White,0
464,8,0,0,White,0
465,8,0,0,White,1
466,8,0,0,White,1
467,8,0,0,White,0
468,8,0,0,White,0
469,8,1,0,White,0
470,8,1,0,White,1
471,8,1,0,White,0
472,8,1,0,White,0
473,8,1,0,White,0
474,8,1,0,White,0
475,8,1,0,White,0
476,8,1,0,White,0
477,8,1,0,White,0
478,8,0,1,Black,0
479,8,0,1,Black,0
480,8,0,1,Black,0
481,8,0,1,Black,1
482,8,0,1,Black,0
483,8,0,1,Black,0
484,8,0,1,Black,1
485,8,0,1,Black,0
486,8,0,1,Black,0
487,8,1,1,Black,0
488,8,1,1,Black,0
489,8,1,1,Black,0
490,8,1,1,Black,1
491,8,1,1,Black,0
492,8,1,1,Black,1
493,8,1,1,Black,0
494,8,1,1,Black,1
495,8,1,1,Black,0
496,9,0,0,White,0
497,9,0,0,White,0
498,9,0,0,White,1
499,9,0,0,White,0
500,9,0,0,White,0
501,9,0,0,White,0
502,9,0,0,White,0
503,9,0,0,White,0
504,9,0,0,White,0
505,9,1,0,White,1
506,9,1,0,White,0
507,9,1,0,White,0
508,9,1,0,White,1
509,9,1,0,White,0
510,9,1,0,White,0
511,9,1,0,White,0
512,9,1,0,White,0
513,9,1,0,White,0
514,9,0,1,Black,0
515,9,0,1,Black,1
516,9,0,1,Black,0
517,9,0,1,Black,1
518,9,0,1,Black,0
519,9,0,1,Black,0
520,9,0,1,Black,0
521,9,0,1,Black,0
522,9,0,1,Black,1
523,9,1,1,Black,0
524,9,1,1,Black,1
525,9,1,1,Black,1
526,9,1,1,Black,0
527,9,1,1,Black,0
528,9,1,1,Black,1
529,9,1,1,Black,0
530,9,1,1,Black,1
531,9,1,1,Black,1
532,10,0,0,White,0
533,10,0,0,White,0
534,10,0,0,White,1
535,10,0,0,White,0
536,10,0,0,White,0
537,10,0,0,White,0
538,10,0,0,White,0
539,10,0,0,White,0
540,10,0,0,White,0
541,10,1,0,White,1
542,10,1,0,White,0
543,10,1,0,White,1
544,10,1,0,White,1
545,10,1,0,White,0
546,10,1,0,White,0
547,10,1,0,White,0
548,10,1,0,White,1
549,10,1,0,White,0
550,10,0,1,Black,0
551,10,0,1,Black,0
552,10,0,1,Black,0
553,10,0,1,Black,0
554,10,0,1,Black,0
555,10,0,1,Black,0
556,10,0,1,Black,1
557,10,0,1,Black,0
558,10,0,1,Black,0
559,10,1,1,Black,0
560,10,1,1,Black,0
561,10,1,1,Black,1
562,10,1,1,Black,0
563,10,1,1,Black,0
564,10,1,1,Black,0
565,10,1,1,Black,0
566,10,1,1,Black,0
567,10,1,1,Black,0
568,11,0,0,White,1
569,11,0,0,White,1
570,11,0,0,White,0
571,11,0,0,White,1
572,11,0,0,White,0
573,11,0,0,White,0
574,11,0,0,White,1
575,11,0,0,White,1
576,11,0,0,White,1
577,11,1,0,White,0
578,11,1,0,White,0
579,11,1,0,White,0
580,11,1,0,White,0
581,11,1,0,White,0
582,11,1,0,White,0
583,11,1,0,White,1
584,11,1,0,White,0
585,11,1,0,White,0
586,11,0,1,Black,1
587,11,0,1,Black,1
588,11,0,1,Black,1
589,11,0,1,Black,0
590,11,0,1,Black,0
591,11,0,1,Black,0
592,11,0,1,Black,0
593,11,0,1,Black,0
594,11,0,1,Black,0
595,11,1,1,Black,0
596,11,1,1,Black,0
597,11,1,1,Black,1
598,11,1,1,Black,1
599,11,1,1,Black,0
600,11,1,1,Black,0
601,11,1,1,Black,0
602,11,1,1,Black,1
603,11,1,1,Black,0
604,12,0,0,White,1
605,12,0,0,White,1
606,12,0,0,White,1
607,12,0,0,White,0
608,12,0,0,White,1
609,12,0,0,White,0
610,12,0,0,White,1
611,12,0,0,White,1
612,12,0,0,White,1
613,12,1,0,White,0
614,12,1,0,White,1
615,12,1,0,White,0
616,12,1,0,White,1
617,12,1,0,White,0
618,12,1,0,White,1
619,12,1,0,White,0
620,12,1,0,White,0
621,12,1,0,White,1
622,12,0,1,Black,1
623,12,0,1,Black,0
624,12,0,1,Black,0
625,12,0,1,Black,1
626,12,0,1,Black,1
627,12,0,1,Black,0
628,12,0,1,Black,0
629,12,0,1,Black,0
630,12,0,1,Black,0
631,12,1,1,Black,0
632,12,1,1,Black,0
633,12,1,1,Black,0
634,12,1,1,Black,0
635,12,1,1,Black,0
636,12,1,1,Black,0
637,12,1,1,Black,0
638,12,1,1,Black,1
639,12,1,1,Black,0
640,13,0,0,White,0
641,13,0,0,White,1
642,13,0,0,White,0
643,13,0,0,White,1
644,13,0,0,White,0
645,13,0,0,White,0
646,13,0,0,White,0
647,13,0,0,White,0
648,13,0,0,White,1
649,13,1,0,White,0
650,13,1,0,White,1
651,13,1,0,White,0
652,13,1,0,White,1
653,13,1,0,White,1
654,13,1,0,White,0
655,13,1,0,White,1
656,13,1,0,White,0
657,13,1,0,White,0
658,13,0,1,Black,0
659,13,0,1,Black,0
660,13,0,1,Black,0
661,13,0,1,Black,1
662,13,0,1,Black,0
663,13,0,1,Black,0
664,13,0,1,Black,1
665,13,0,1,Black,0
666,13,0,1,Black,0
667,13,1,1,Black,0
668,13,1,1,Black,0
669,13,1,1,Black,1
670,13,1,1,Black,0
671,13,1,1,Black,1
672,13,1,1,Black,0
673,13,1,1,Black,0
674,13,1,1,Black,0
675,13,1,1,Black,1
676,14,0,0,White,0
677,14,0,0,White,1
678,14,0,0,White,0
679,14,0,0,White,0
680,14,0,0,White,1
681,14,0,0,White,0
682,14,0,0,White,0
683,14,0,0,White,0
684,14,0,0,White,0
685,14,1,0,White,0
686,14,1,0,White,0
687,14,1,0,White,0
688,14,1,0,White,0
689,14,1,0,White,0
690,14,1,0,White,1
691,14,1,0,White,1
692,14,1,0,White,0
693,14,1,0,White,0
694,14,0,1,Black,1
695,14,0,1,Black,1
696,14,0,1,Black,0
697,14,0,1,Black,0
698,14,0,1,Black,1
699,14,0,1,Black,0
700,14,0,1,Black,1
701,14,0,1,Black,0
702,14,0,1,Black,0
703,14,1,1,Black,1
704,14,1,1,Black,0
705,14,1,1,Black,0
706,14,1,1,Black,0
707,14,1,1,Black,0
708,14,1,1,Black,1
709,14,1,1,Black,0
710,14,1,1,Black,0
711,14,1,1,Black,0
712,15,0,0,White,0
713,15,0,0,White,1
714,15,0,0,White,0
715,15,0,0,White,0
716,15,0,0,White,0
717,15,0,0,White,1
718,15,0,0,White,0
719,15,0,0,White,0
720,15,0,0,White,0
721,15,1,0,White,0
722,15,1,0,White,0
723,15,1,0,White,0
724,15,1,0,White,0
725,15,1,0,White,1
726,15,1,0,White,0
727,15,1,0,White,0
728,15,1,0,White,0
729,15,1,0,White,0
730,15,0,1,Black,0
731,15,0,1,Black,0
732,15,0,1,Black,0
733,15,0,1,Black,0
734,15,0,1,Black,1
735,15,0,1,Black,1
736,15,0,1,Black,1
737,15,0,1,Black,0
738,15,0,1,Black,0
739,15,1,1,Black,0
740,15,1,1,Black,1
741,15,1,1,Black,0
742,15,1,1,Black,0
743,15,1,1,Black,1
744,15,1,1,Black,1
745,15,1,1,Black,0
746,15,1,1,Black,0
747,15,1,1,Black,0
748,16,0,0,White,0
749,16,0,0,White,0
750,16,0,0,White,0
751,16,0,0,White,0
752,16,0,0,White,0
753,16,0,0,White,0
754,16,0,0,White,1
755,16,0,0,White,0
756,16,0,0,White,1
757,16,1,0,White,1
758,16,1,0,White,1
759,16,1,0,White,0
760,16,1,0,White,0
761,16,1,0,White,0
762,16,1,0,White,0
763,16,1,0,White,1
764,16,1,0,White,1
765,16,1,0,White,0
766,16,0,1,Black,0
767,16,0,1,Black,1
768,16,0,1,Black,0
769,16,0,1,Black,0
770,16,0,1,Black,0
771,16,0,1,Black,0
772,16,0,1,Black,1
773,16,0,1,Black,0
774,16,0,1,Black,0
775,16,1,1,Black,0
776,16,1,1,Black,0
777,16,1,1,Black,0
778,16,1,1,Black,0
779,16,1,1,Black,0
780,16,1,1,Black,0
781,16,1,1,Black,1
782,16,1,1,Black,0
783,16,1,1,Black,0
784,17,0,0,White,1
785,17,0,0,White,0
786,17,0,0,White,1
787,17,0,0,White,0
788,17,0,0,White,0
789,17,0,0,White,0
790,17,0,0,White,0
791,17,0,0,White,0
792,17,0,0,White,0
793,17,1,0,White,0
794,17,1,0,White,0
795,17,1,0,White,1
796,17,1,0,White,0
797,17,1,0,White,0
798,17,1,0,White,0
799,17,1,0,White,0
800,17,1,0,White,0
801,17,1,0,White,0
802,17,0,1,Black,0
803,17,0,1,Black,0
804,17,0,1,Black,1
805,17,0,1,Black,1
806,17,0,1,Black,1
807,17,0,1,Black,0
808,17,0,1,Black,1
809,17,0,1,Black,1
810,17,0,1,Black,0
811,17,1,1,Black,0
812,17,1,1,Black,0
813,17,1,1,Black,1
814,17,1,1,Black,1
815,17,1,1,Black,0
816,17,1,1,Black,1
817,17,1,1,Black,1
818,17,1,1,Black,0
819,17,1,1,Black,1
820,18,0,0,White,1
821,18,0,0,White,0
822,18,0,0,White,1
823,18,0,0,White,0
824,18,0,0,White,0
825,18,0,0,White,0
826,18,0,0,White,0
827,18,0,0,White,0
828,18,0,0,White,0
829,18,1,0,White,1
830,18,1,0,White,0
831,18,1,0,White,0
832,18,1,0,White,1
833,18,1,0,White,1
834,18,1,0,White,1
835,18,1,0,White,0
836,18,1,0,White,1
837,18,1,0,White,1
838,18,0,1,Black,0
839,18,0,1,Black,0
840,18,0,1,Black,0
841,18,0,1,Black,0
842,18,0,1,Black,0
843,18,0,1,Black,0
844,18,0,1,Black,0
845,18,0,1,Black,0
846,18,0,1,Black,0
847,18,1,1,Black,0
848,18,1,1,Black,0
849,18,1,1,Black,0
850,18,1,1,Black,0
851,18,1,1,Black,1
852,18,1,1,Black,0
853,18,1,1,Black,0
854,18,1,1,Black,0
855,18,1,1,Black,0
856,19,0,0,White,1
857,19,0,0,White,0
858,19,0,0,White,0
859,19,0,0,White,0
860,19,0,0,White,0
861,19,0,0,White,0
862,19,0,0,White,1
863,19,0,0,White,0
864,19,0,0,White,0
865,19,1,0,White,1
866,19,1,0,White,0
867,19,1,0,White,1
868,19,1,0,White,0
869,19,1,0,White,1
870,19,1,0,White,0
871,19,1,0,White,0
872,19,1,0,White,1
873,19,1,0,White,1
874,19,0,1,Black,1
875,19,0,1,Black,1
876,19,0,1,Black,0
877,19,0,1,Black,0
878,19,0,1,Black,1
879,19,0,1,Black,0
880,19,0,1,Black,0
881,19,0,1,Black,0
882,19,0,1,Black,0
883,19,1,1,Black,1
884,19,1,1,Black,0
885,19,1,1,Black,0
886,19,1,1,Black,1
887,19,1,1,Black,0
888,19,1,1,Black,0
889,19,1,1,Black,1
890,19,1,1,Black,0
891,19,1,1,Black,0
892,20,0,0,White,1
893,20,0,0,White,0
894,20,0,0,White,0
895,20,0,0,White,1
896,20,0,0,White,0
897,20,0,0,White,0
898,20,0,0,White,1
899,20,0,0,White,1
900,20,0,0,White,1
901,20,1,0,White,1
902,20,1,0,White,1
903,20,1,0,White,0
904,20,1,0,White,0
905,20,1,0,White,1
906,20,1,0,White,1
907,20,1,0,White,1
908,20,1,0,White,1
909,20,1,0,White,0
910,20,0,1,Black,0
911,20,0,1,Black,0
912,20,0,1,Black,0
913,20,0,1,Black,0
914,20,0,1,Black,0
915,20,0,1,Black,0
916,20,0,1,Black,0
917,20,0,1,Black,1
918,20,0,1,Black,1
919,20,1,1,Black,1
920,20,1,1,Black,0
921,20,1,1,Black,0
922,20,1,1,Black,0
923,20,1,1,Black,0
924,20,1,1,Black,0
925,20,1,1,Black,0
926,20,1,1,Black,0
927,20,1,1,Black,0
928,21,0,0,White,1
929,21,0,0,White,1
930,21,0,0,White,0
931,21,0,0,White,0
932,21,0,0,White,1
933,21,0,0,White,0
934,21,0,0,White,0
935,21,0,0,White,0
936,21,0,0,White,1
937,21,1,0,White,0
938,21,1,0,White,0
939,21,1,0,White,0
940,21,1,0,White,0
941,21,1,0,White,0
942,21,1,0,White,0
943,21,1,0,White,0
944,21,1,0,White,0
945,21,1,0,White,0
946,21,0,1,Black,0
947,21,0,1,Black,0
948,21,0,1,Black,0
949,21,0,1,Black,0
950,21,0,1,Black,1
951,21,0,1,Black,0
952,21,0,1,Black,0
953,21,0,1,Black,0
954,21,0,1,Black,0
955,21,1,1,Black,0
956,21,1,1,Black,1
957,21,1,1,Black,0
958,21,1,1,Black,1
959,21,1,1,Black,0
960,21,1,1,Black,0
961,21,1,1,Black,0
962,21,1,1,Black,0
963,21,1,1,Black,0
964,22,0,0,White,1
965,22,0,0,White,0
966,22,0,0,White,0
967,22,0,0,White,1
968,22,0,0,White,1
969,22,0,0,White,1
970,22,0,0,White,1
971,22,0,0,White,1
972,22,0,0,White,0
973,22,1,0,White,0
974,22,1,0,White,1
975,22,1,0,White,0
976,22,1,0,White,1
977,22,1,0,White,0
978,22,1,0,White,0
979,22,1,0,White,0
980,22,1,0,White,0
981,22,1,0,White,0
982,22,0,1,Black,0
983,22,0,1,Black,0
984,22,0,1,Black,0
985,22,0,1,Black,0
986,22,0,1,Black,0
987,22,0,1,Black,0
988,22,0,1,Black,0
989,22,0,1,Black,0
990,22,0,1,Black,1
991,22,1,1,Black,0
992,22,1,1,Black,1
993,22,1,1,Black,0
994,22,1,1,Black,0
995,22,1,1,Black,0
996,22,1,1,Black,1
997,22,1,1,Black,0
998,22,1,1,Black,0
999,22,1,1,Black,1
1000,23,0,0,White,0
1001,23,0,0,White,1
1002,23,0,0,White,1
1003,23,0,0,White,0
1004,23,0,0,White,0
1005,23,0,0,White,1
1006,23,0,0,White,1
1007,23,0,0,White,1
1008,23,0,0,White,0
1009,23,1,0,White,1
1010,23,1,0,White,0
1011,23,1,0,White,0
1012,23,1,0,White,1
1013,23,1,0,White,1
1014,23,1,0,White,0
1015,23,1,0,White,0
1016,23,1,0,White,0
1017,23,1,0,White,0
1018,23,0,1,Black,1
1019,23,0,1,Black,1
1020,23,0,1,Black,1
1021,23,0,1,Black,1
1022,23,0,1,Black,1
1023,23,0,1,Black,0
1024,23,0,1,Black,0
1025,23,0,1,Black,0
1026,23,0,1,Black,0
1027,23,1,1,Black,1
1028,23,1,1,Black,0
1029,23,1,1,Black,0
1030,23,1,1,Black,1
1031,23,1,1,Black,0
1032,23,1,1,Black,0
1033,23,1,1,Black,0
1034,23,1,1,Black,0
1035,23,1,1,Black,1
1036,24,0,0,White,0
1037,24,0,0,White,0
1038,24,0,0,White,0
1039,24,0,0,White,0
1040,24,0,0,White,1
1041,24,0,0,White,0
1042,24,0,0,White,0
1043,24,0,0,White,1
1044,24,0,0,White,0
1045,24,1,0,White,1
1046,24,1,0,White,1
1047,24,1,0,White,1
1048,24,1,0,White,1
1049,24,1,0,White,1
1050,24,1,0,White,1
1051,24,1,0,White,1
1052,24,1,0,White,1
1053,24,1,0,White,0
1054,24,0,1,Black,0
1055,24,0,1,Black,0
1056,24,0,1,Black,0
1057,24,0,1,Black,0
1058,24,0,1,Black,0
1059,24,0,1,Black,1
1060,24,0,1,Black,0
1061,24,0,1,Black,1
1062,24,0,1,Black,0
1063,24,1,1,Black,1
1064,24,1,1,Black,1
1065,24,1,1,Black,0
1066,24,1,1,Black,0
1067,24,1,1,Black,0
1068,24,1,1,Black,0
1069,24,1,1,Black,0
1070,24,1,1,Black,0
1071,24,1,1,Black,0
1072,25,0,0,White,0
1073,25,0,0,White,1
1074,25,0,0,White,0
1075,25,0,0,White,0
1076,25,0,0,White,1
1077,25,0,0,White,1
1078,25,0,0,White,0
1079,25,0,0,White,0
1080,25,0,0,White,1
1081,25,1,0,White,1
1082,25,1,0,White,1
1083,25,1,0,White,0
1084,25,1,0,White,1
1085,25,1,0,White,1
1086,25,1,0,White,0
1087,25,1,0,White,0
1088,25,1,0,White,0
1089,25,1,0,White,0
1090,25,0,1,Black,0
1091,25,0,1,Black,1
1092,25,0,1,Black,1
1093,25,0,1,Black,0
1094,25,0,1,Black,0
1095,25,0,1,Black,0
1096,25,0,1,Black,0
1097,25,0,1,Black,0
1098,25,0,1,Black,0
1099,25,1,1,Black,0
1100,25,1,1,Black,0
1101,25,1,1,Black,1
1102,25,1,1,Black,0
1103,25,1,1,Black,0
1104,25,1,1,Black,0
1105,25,1,1,Black,0
1106,25,1,1,Black,1
1107,25,1,1,Black,0
1108,26,0,0,White,1
1109,26,0,0,White,0
1110,26,0,0,White,1
1111,26,0,0,White,0
1112,26,0,0,White,0
1113,26,0,0,White,0
1114,26,0,0,White,0
1115,26,0,0,White,1
1116,26,0,0,White,0
1117,26,1,0,White,0
1118,26,1,0,White,0
1119,26,1,0,White,1
1120,26,1,0,White,0
1121,26,1,0,White,0
1122,26,1,0,White,1
1123,26,1,0,White,0
1124,26,1,0,White,0
1125,26,1,0,White,0
1126,26,0,1,Black,0
1127,26,0,1,Black,1
1128,26,0,1,Black,0
1129,26,0,1,Black,1
1130,26,0,1,Black,0
1131,26,0,1,Black,1
1132,26,0,1,Black,1
1133,26,0,1,Black,1
1134,26,0,1,Black,0
1135,26,1,1,Black,0
1136,26,1,1,Black,0
1137,26,1,1,Black,0
1138,26,1,1,Black,0
1139,26,1,1,Black,0
1140,26,1,1,Black,0
1141,26,1,1,Black,0
1142,26,1,1,Black,0
1143,26,1,1,Black,0
1144,27,0,0,White,0
1145,27,0,0,White,1
1146,27,0,0,White,0
1147,27,0,0,White,1
1148,27,0,0,White,1
1149,27,0,0,White,0
1150,27,0,0,White,0
1151,27,0,0,White,1
1152,27,0,0,White,0
1153,27,1,0,White,1
1154,27,1,0,White,0
1155,27,1,0,White,0
1156,27,1,0,White,1
1157,27,1,0,White,1
1158,27,1,0,White,0
1159,27,1,0,White,1
1160,27,1,0,White,0
1161,27,1,0,White,1
1162,27,0,1,Black,0
1163,27,0,1,Black,0
1164,27,0,1,Black,0
1165,27,0,1,Black,0
1166,27,0,1,Black,0
1167,27,0,1,Black,0
1168,27,0,1,Black,0
1169,27,0,1,Black,0
1170,27,0,1,Black,0
1171,27,1,1,Black,0
1172,27,1,1,Black,0
1173,27,1,1,Black,1
1174,27,1,1,Black,0
1175,27,1,1,Black,0
1176,27,1,1,Black,0
1177,27,1,1,Black,0
1178,27,1,1,Black,0
1179,27,1,1,Black,0
1180,28,0,0,White,0
1181,28,0,0,White,0
1182,28,0,0,White,0
1183,28,0,0,White,0
1184,28,0,0,White,0
1185,28,0,0,White,1
1186,28,0,0,White,1
1187,28,0,0,White,1
1188,28,0,0,White,1
1189,28,1,0,White,0
1190,28,1,0,White,0
1191,28,1,0,White,0
1192,28,1,0,White,0
1193,28,1,0,White,1
1194,28,1,0,White,0
1195,28,1,0,White,0
1196,28,1,0,White,0
1197,28,1,0,White,0
1198,28,0,1,Black,0
1199,28,0,1,Black,0
1200,28,0,1,Black,0
1201,28,0,1,Black,0
1202,28,0,1,Black,0
1203,28,0,1,Black,0
1204,28,0,1,Black,1
1205,28,0,1,Black,1
1206,28,0,1,Black,1
1207,28,1,1,Black,0
1208,28,1,1,Black,0
1209,28,1,1,Black,0
1210,28,1,1,Black,1
1211,28,1,1,Black,0
1212,28,1,1,Black,1
1213,28,1,1,Black,0
1214,28,1,1,Black,0
1215,28,1,1,Black,0
1216,29,0,0,White,0
1217,29,0,0,White,0
1218,29,0,0,White,0
1219,29,0,0,White,0
1220,29,0,0,White,0
1221,29,0,0,White,0
1222,29,0,0,White,0
1223,29,0,0,White,0
1224,29,0,0,White,1
1225,29,1,0,White,0
1226,29,1,0,White,1
1227,29,1,0,White,0
1228,29,1,0,White,0
1229,29,1,0,White,1
1230,29,1,0,White,1
1231,29,1,0,White,0
1232,29,1,0,White,0
1233,29,1,0,White,0
1234,29,0,1,Black,0
1235,29,0,1,Black,0
1236,29,0,1,Black,0
1237,29,0,1,Black,0
1238,29,0,1,Black,0
1239,29,0,1,Black,0
1240,29,0,1,Black,1
1241,29,0,1,Black,0
1242,29,0,1,Black,0
1243,29,1,1,Black,1
1244,29,1,1,Black,0
1245,29,1,1,Black,0
1246,29,1,1,Black,0
1247,29,1,1,Black,0
1248,29,1,1,Black,1
1249,29,1,1,Black,0
1250,29,1,1,Black,0
1251,29,1,1,Black,0
1252,30,0,0,White,0
1253,30,0,0,White,0
1254,30,0,0,White,0
1255,30,0,0,White,0
1256,30,0,0,White,0
1257,30,0,0,White,1
1258,30,0,0,White,0
1259,30,0,0,White,1
1260,30,0,0,White,0
1261,30,1,0,White,0
1262,30,1,0,White,1
1263,30,1,0,White,1
1264,30,1,0,White,0
1265,30,1,0,White,1
1266,30,1,0,White,0
1267,30,1,0,White,1
1268,30,1,0,White,0
1269,30,1,0,White,0
1270,30,0,1,Black,0
1271,30,0,1,Black,0
1272,30,0,1,Black,0
1273,30,0,1,Black,0
1274,30,0,1,Black,1
1275,30,0,1,Black,1
1276,30,0,1,Black,0
1277,30,0,1,Black,0
1278,30,0,1,Black,0
1279,30,1,1,Black,0
1280,30,1,1,Black,0
1281,30,1,1,Black,1
1282,30,1,1,Black,0
1283,30,1,1,Black,0
1284,30,1,1,Black,0
1285,30,1,1,Black,0
1286,30,1,1,Black,0
1287,30,1,1,Black,1
1288,31,0,0,White,0
1289,31,0,0,White,1
1290,31,0,0,White,0
1291,31,0,0,White,1
1292,31,0,0,White,0
1293,31,0,0,White,0
1294,31,0,0,White,0
1295,31,0,0,White,0
1296,31,0,0,White,0
1297,31,1,0,White,0
1298,31,1,0,White,0
1299,31,1,0,White,0
1300,31,1,0,White,0
1301,31,1,0,White,0
1302,31,1,0,White,0
1303,31,1,0,White,0
1304,31,1,0,White,0
1305,31,1,0,White,0
1306,31,0,1,Black,1
1307,31,0,1,Black,1
1308,31,0,1,Black,0
1309,31,0,1,Black,1
1310,31,0,1,Black,1
1311,31,0,1,Black,1
1312,31,0,1,Black,0
1313,31,0,1,Black,0
1314,31,0,1,Black,0
1315,31,1,1,Black,0
1316,31,1,1,Black,0
1317,31,1,1,Black,0
1318,31,1,1,Black,0
1319,31,1,1,Black,1
1320,31,1,1,Black,0
1321,31,1,1,Black,1
1322,31,1,1,Black,0
1323,31,1,1,Black,1
1324,32,0,0,White,1
1325,32,0,0,White,1
1326,32,0,0,White,1
1327,32,0,0,White,1
1328,32,0,0,White,1
1329,32,0,0,White,1
1330,32,0,0,White,1
1331,32,0,0,White,0
1332,32,0,0,White,1
1333,32,1,0,White,0
1334,32,1,0,White,0
1335,32,1,0,White,0
1336,32,1,0,White,0
1337,32,1,0,White,0
1338,32,1,0,White,1
1339,32,1,0,White,0
1340,32,1,0,White,0
1341,32,1,0,White,0
1342,32,0,1,Black,0
1343,32,0,1,Black,1
1344,32,0,1,Black,0
1345,32,0,1,Black,0
1346,32,0,1,Black,1
1347,32,0,1,Black,0
1348,32,0,1,Black,0
1349,32,0,1,Black,0
1350,32,0,1,Black,0
1351,32,1,1,Black,0
1352,32,1,1,Black,1
1353,32,1,1,Black,0
1354,32,1,1,Black,0
1355,32,1,1,Black,1
1356,32,1,1,Black,0
1357,32,1,1,Black,0
1358,32,1,1,Black,1
1359,32,1,1,Black,0
1360,33,0,0,White,0
1361,33,0,0,White,1
1362,33,0,0,White,0
1363,33,0,0,White,1
1364,33,0,0,White,0
1365,33,0,0,White,0
1366,33,0,0,White,0
1367,33,0,0,White,0
1368,33,0,0,White,1
1369,33,1,0,White,1
1370,33,1,0,White,0
1371,33,1,0,White,1
1372,33,1,0,White,1
1373,33,1,0,White,0
1374,33,1,0,White,0
1375,33,1,0,White,0
1376,33,1,0,White,0
1377,33,1,0,White,0
1378,33,0,1,Black,0
1379,33,0,1,Black,0
1380,33,0,1,Black,0
1381,33,0,1,Black,0
1382,33,0,1,Black,0
1383,33,0,1,Black,1
1384,33,0,1,Black,1
1385,33,0,1,Black,0
1386,33,0,1,Black,0
1387,33,1,1,Black,1
1388,33,1,1,Black,1
1389,33,1,1,Black,0
1390,33,1,1,Black,0
1391,33,1,1,Black,0
1392,33,1,1,Black,0
1393,33,1,1,Black,0
1394,33,1,1,Black,1
1395,33,1,1,Black,1
1396,34,0,0,White,0
1397,34,0,0,White,0
1398,34,0,0,White,0
1399,34,0,0,White,0
1400,34,0,0,White,0
1401,34,0,0,White,0
1402,34,0,0,White,0
1403,34,0,0,White,0
1404,34,0,0,White,0
1405,34,1,0,White,0
1406,34,1,0,White,0
1407,34,1,0,White,1
1408,34,1,0,White,0
1409,34,1,0,White,1
1410,34,1,0,White,0
1411,34,1,0,White,0
1412,34,1,0,White,0
1413,34,1,0,White,1
1414,34,0,1,Black,0
1415,34,0,1,Black,1
1416,34,0,1,Black,1
1417,34,0,1,Black,1
1418,34,0,1,Black,0
1419,34,0,1,Black,1
1420,34,0,1,Black,1
1421,34,0,1,Black,0
1422,34,0,1,Black,1
1423,34,1,1,Black,0
1424,34,1,1,Black,0
1425,34,1,1,Black,1
1426,34,1,1,Black,0
1427,34,1,1,Black,1
1428,34,1,1,Black,0
1429,34,1,1,Black,0
1430,34,1,1,Black,0
1431,34,1,1,Black,0
1432,35,0,0,White,0
1433,35,0,0,White,1
1434,35,0,0,White,0
1435,35,0,0,White,1
1436,35,0,0,White,0
1437,35,0,0,White,1
1438,35,0,0,White,1
1439,35,0,0,White,1
1440,35,0,0,White,0
1441,35,1,0,White,0
1442,35,1,0,White,0
1443,35,1,0,White,1
1444,35,1,0,White,1
1445,35,1,0,White,1
1446,35,1,0,White,1
1447,35,1,0,White,1
1448,35,1,0,White,0
1449,35,1,0,White,1
1450,35,0,1,Black,0
1451,35,0,1,Black,1
1452,35,0,1,Black,1
1453,35,0,1,Black,1
1454,35,0,1,Black,1
1455,35,0,1,Black,0
1456,35,0,1,Black,1
1457,35,0,1,Black,1
1458,35,0,1,Black,1
1459,35,1,1,Black,0
1460,35,1,1,Black,0
1461,35,1,1,Black,0
1462,35,1,1,Black,0
1463,35,1,1,Black,0
1464,35,1,1,Black,1
1465,35,1,1,Black,0
1466,35,1,1,Black,1
1467,35,1,1,Black,1
1468,36,0,0,White,1
1469,36,0,0,White,1
1470,36,0,0,White,0
1471,36,0,0,White,1
1472,36,0,0,White,1
1473,36,0,0,White,1
1474,36,0,0,White,1
1475,36,0,0,White,1
1476,36,0,0,White,1
1477,36,1,0,White,0
1478,36,1,0,White,0
1479,36,1,0,White,0
1480,36,1,0,White,0
1481,36,1,0,White,0
1482,36,1,0,White,0
1483,36,1,0,White,0
1484,36,1,0,White,1
1485,36,1,0,White,0
1486,36,0,1,Black,0
1487,36,0,1,Black,0
1488,36,0,1,Black,0
1489,36,0,1,Black,0
1490,36,0,1,Black,0
1491,36,0,1,Black,0
1492,36,0,1,Black,0
1493,36,0,1,Black,0
1494,36,0,1,Black,0
1495,36,1,1,Black,0
1496,36,1,1,Black,0
1497,36,1,1,Black,0
1498,36,1,1,Black,1
1499,36,1,1,Black,0
1500,36,1,1,Black,0
1501,36,1,1,Black,1
1502,36,1,1,Black,1
1503,36,1,1,Black,1
1504,37,0,0,White,1
1505,37,0,0,White,0
1506,37,0,0,White,0
1507,37,0,0,White,0
1508,37,0,0,White,0
1509,37,0,0,White,0
1510,37,0,0,White,0
1511,37,0,0,White,0
1512,37,0,0,White,0
1513,37,1,0,White,0
1514,37,1,0,White,0
1515,37,1,0,White,0
1516,37,1,0,White,0
1517,37,1,0,White,0
1518,37,1,0,White,0
1519,37,1,0,White,0
1520,37,1,0,White,0
1521,37,1,0,White,0
1522,37,0,1,Black,0
1523,37,0,1,Black,0
1524,37,0,1,Black,0
1525,37,0,1,Black,0
1526,37,0,1,Black,0
1527,37,0,1,Black,1
1528,37,0,1,Black,0
1529,37,0,1,Black,0
1530,37,0,1,Black,0
1531,37,1,1,Black,0
1532,37,1,1,Black,0
1533,37,1,1,Black,1
1534,37,1,1,Black,0
1535,37,1,1,Black,0
1536,37,1,1,Black,0
1537,37,1,1,Black,0
1538,37,1,1,Black,1
1539,37,1,1,Black,0
1540,38,0,0,White,1
1541,38,0,0,White,0
1542,38,0,0,White,1
1543,38,0,0,White,1
1544,38,0,0,White,0
1545,38,0,0,White,1
1546,38,0,0,White,1
1547,38,0,0,White,1
1548,38,0,0,White,1
1549,38,1,0,White,0
1550,38,1,0,White,1
1551,38,1,0,White,0
1552,38,1,0,White,0
1553,38,1,0,White,1
1554,38,1,0,White,0
1555,38,1,0,White,0
1556,38,1,0,White,1
1557,38,1,0,White,0
1558,38,0,1,Black,1
1559,38,0,1,Black,0
1560,38,0,1,Black,0
1561,38,0,1,Black,0
1562,38,0,1,Black,0
1563,38,0,1,Black,1
1564,38,0,1,Black,1
1565,38,0,1,Black,0
1566,38,0,1,Black,0
1567,38,1,1,Black,1
1568,38,1,1,Black,1
1569,38,1,1,Black,0
1570,38,1,1,Black,0
1571,38,1,1,Black,1
1572,38,1,1,Black,0
1573,38,1,1,Black,0
1574,38,1,1,Black,0
1575,38,1,1,Black,0
1576,39,0,0,White,0
1577,39,0,0,White,0
1578,39,0,0,White,1
1579,39,0,0,White,0
1580,39,0,0,White,0
1581,39,0,0,White,0
1582,39,0,0,White,0
1583,39,0,0,White,0
1584,39,0,0,White,0
1585,39,1,0,White,1
1586,39,1,0,White,0
1587,39,1,0,White,0
1588,39,1,0,White,0
1589,39,1,0,White,0
1590,39,1,0,White,0
1591,39,1,0,White,0
1592,39,1,0,White,0
1593,39,1,0,White,0
1594,39,0,1,Black,0
1595,39,0,1,Black,1
1596,39,0,1,Black,0
1597,39,0,1,Black,1
1598,39,0,1,Black,0
1599,39,0,1,Black,1
1600,39,0,1,Black,0
1601,39,0,1,Black,0
1602,39,0,1,Black,0
1603,39,1,1,Black,0
1604,39,1,1,Black,0
1605,39,1,1,Black,1
1606,39,1,1,Black,1
1607,39,1,1,Black,0
1608,39,1,1,Black,0
1609,39,1,1,Black,0
1610,39,1,1,Black,0
1611,39,1,1,Black,0
1612,40,0,0,White,0
1613,40,0,0,White,0
1614,40,0,0,White,0
1615,40,0,0,White,0
1616,40,0,0,White,0
1617,40,0,0,White,0
1618,40,0,0,White,0
1619,40,0,0,White,1
1620,40,0,0,White,1
1621,40,1,0,White,0
1622,40,1,0,White,1
1623,40,1,0,White,0
1624,40,1,0,White,1
1625,40,1,0,White,0
1626,40,1,0,White,1
1627,40,1,0,White,1
1628,40,1,0,White,1
1629,40,1,0,White,1
1630,40,0,1,Black,0
1631,40,0,1,Black,1
1632,40,0,1,Black,0
1633,40,0,1,Black,1
1634,40,0,1,Black,1
1635,40,0,1,Black,1
1636,40,0,1,Black,0
1637,40,0,1,Black,1
1638,40,0,1,Black,1
1639,40,1,1,Black,0
1640,40,1,1,Black,0
1641,40,1,1,Black,0
1642,40,1,1,Black,1
1643,40,1,1,Black,0
1644,40,1,1,Black,0
1645,40,1,1,Black,0
1646,40,1,1,Black,0
1647,40,1,1,Black,0
1648,41,0,0,White,0
1649,41,0,0,White,1
1650,41,0,0,White,1
1651,41,0,0,White,1
1652,41,0,0,White,0
1653,41,0,0,White,0
1654,41,0,0,White,0
1655,41,0,0,White,0
1656,41,0,0,White,1
1657,41,1,0,White,0
1658,41,1,0,White,0
1659,41,1,0,White,0
1660,41,1,0,White,0
1661,41,1,0,White,0
1662,41,1,0,White,1
1663,41,1,0,White,0
1664,41,1,0,White,1
1665,41,1,0,White,1
1666,41,0,1,Black,1
1667,41,0,1,Black,0
1668,41,0,1,Black,0
1669,41,0,1,Black,0
1670,41,0,1,Black,1
1671,41,0,1,Black,0
1672,41,0,1,Black,0
1673,41,0,1,Black,0
1674,41,0,1,Black,1
1675,41,1,1,Black,0
1676,41,1,1,Black,1
1677,41,1,1,Black,1
1678,41,1,1,Black,1
1679,41,1,1,Black,1
1680,41,1,1,Black,0
1681,41,1,1,Black,1
1682,41,1,1,Black,1
1683,41,1,1,Black,1
1684,42,0,0,White,0
1685,42,0,0,White,1
1686,42,0,0,White,0
1687,42,0,0,White,0
1688,42,0,0,White,1
1689,42,0,0,White,0
1690,42,0,0,White,0
1691,42,0,0,White,1
1692,42,0,0,White,0
1693,42,1,0,White,0
1694,42,1,0,White,0
1695,42,1,0,White,0
1696,42,1,0,White,0
1697,42,1,0,White,0
1698,42,1,0,White,0
1699,42,1,0,White,0
1700,42,1,0,White,0
1701,42,1,0,White,1
1702,42,0,1,Black,0
1703,42,0,1,Black,1
1704,42,0,1,Black,1
1705,42,0,1,Black,0
1706,42,0,1,Black,0
1707,42,0,1,Black,0
1708,42,0,1,Black,0
1709,42,0,1,Black,0
1710,42,0,1,Black,0
1711,42,1,1,Black,0
1712,42,1,1,Black,1
1713,42,1,1,Black,1
1714,42,1,1,Black,0
1715,42,1,1,Black,0
1716,42,1,1,Black,1
1717,42,1,1,Black,0
1718,42,1,1,Black,0
1719,42,1,1,Black,0
